<?xml version="1.0" encoding="utf-8"?>
<zone name="Maelshyve's Fortress" id="31b">
  <node id="1" name="Zaulfung, Underwater" color="#0000FF">
    <description>The murky waters end amongst a thick layer of decomposing sludge, heaped atop the uneven earth below.  Shadows rule here, allowing only a pale glimpse of the surroundings.</description>
    <position x="0" y="280" z="0" />
    <arc exit="southeast" move="swim southeast" destination="2" />
    <arc exit="up" move="swim up" destination="3" />
  </node>
  <node id="2" name="Zaulfung, Underwater" color="#0000FF">
    <description>Very little light filters down this far through the muck, choking off your vision.  The outline of a rough massive slab of rock is barely visible to the east.  A jagged crack has crumbled in its side, seeming to lead into an underwater cavern of some sort.</description>
    <position x="20" y="300" z="0" />
    <arc exit="northwest" move="swim northwest" destination="1" />
    <arc exit="go" move="go jagged crack" destination="6" />
  </node>
  <node id="3" name="Zaulfung, Underwater" color="#0000FF">
    <description>Tangles of decomposing weeds and vines threaten to grasp the unwary and hold them prisoner here.  A faint amount of light filters through the muck from above, while below it only grows darker.</description>
    <position x="0" y="260" z="0" />
    <arc exit="up" move="swim up" destination="4" />
    <arc exit="down" move="swim down" destination="1" />
  </node>
  <node id="4" name="Zaulfung, Underwater" color="#0000FF">
    <description>The surface of the swamp is just overhead, and solid forms are visible above the murky waters.  Below, the swamp descends into tangles of shadow and decaying plants.</description>
    <position x="0" y="240" z="0" />
    <arc exit="up" move="swim up" destination="5" />
    <arc exit="down" move="swim down" destination="3" />
  </node>
  <node id="5" name="Zaulfung, Ruined Shrine" note="Map31a_Zaulfung.xml">
    <description>Shattered and broken, a large wooden altar lies desecrated and befouled here, partially sunken into the thick mud.  Deep gouges and claw scratches mar the surface of the sacrilegious monument, likely torn asunder by the wicked hand of a sluagh.</description>
    <position x="0" y="220" z="0" />
    <arc exit="south" move="south" />
  </node>
  <node id="6" name="Zaulfung, Underwater Cave" color="#0000FF">
    <description>Dark, murky waters weigh heavily on all who venture into the confines of this narrow basalt cavern.  Shafts of feeble light stream through a jagged crack in the western wall.</description>
    <position x="40" y="300" z="0" />
    <arc exit="up" move="swim up" destination="7" />
    <arc exit="go" move="go jagged crack" destination="2" />
  </node>
  <node id="7" name="Beneath The Zaulfung, Murky Caverns" color="#0000FF">
    <description>Dark basalt walls covered in slime encompass the chamber, lending a claustrophobic feeling to the area.  Ominous ripples swirl in the fetid sludge covering the cavern floor, their cause unknown.</description>
    <position x="40" y="280" z="0" />
    <arc exit="north" move="swim north" destination="8" />
    <arc exit="go" move="go underwater tunnel" destination="6" />
  </node>
  <node id="8" name="Beneath The Zaulfung, Murky Caverns" color="#0000FF">
    <description>A huge cavern, its ceiling obscured by a foul mist, opens ominously before you.  Droplets of cloudy liquid trickle down the dark basalt walls into the putrid muck that covers the slippery floor.</description>
    <position x="60" y="260" z="0" />
    <arc exit="east" move="swim east" destination="22" />
    <arc exit="south" move="swim south" destination="9" />
    <arc exit="southwest" move="swim southwest" destination="7" />
    <arc exit="west" move="swim west" destination="18" />
    <arc exit="northwest" move="swim northwest" destination="19" />
  </node>
  <node id="9" name="Beneath The Zaulfung, Murky Caverns" color="#0000FF">
    <description>The walls are jagged and sharp.  Several pointed outcrops, discolored with a reddish hue, have remnants of what appears to be clumps of matted hair.</description>
    <position x="80" y="280" z="0" />
    <arc exit="northeast" move="swim northeast" destination="22" />
    <arc exit="east" move="swim east" destination="11" />
    <arc exit="southwest" move="swim southwest" destination="10" />
    <arc exit="northwest" move="swim northwest" destination="8" />
  </node>
  <node id="10" name="Beneath The Zaulfung, Murky Caverns" color="#0000FF">
    <description>Oozing matter seeps from the dark basalt walls and dribbles down to the murky sludge covering the cavern floor.  Walking becomes more treacherous -- a single misstep might be cause for a slimy bath.</description>
    <position x="60" y="300" z="0" />
    <arc exit="northeast" move="swim northeast" destination="9" />
    <arc exit="west" move="swim west" destination="11" />
    <arc exit="northwest" move="swim northwest" destination="12" />
  </node>
  <node id="11" name="Beneath The Zaulfung, Murky Caverns" color="#0000FF">
    <description>The cavern walls glisten with an unnatural light, seemingly undulating with a life of their own.  Sloshing through the thick, foul-smelling muck becomes more difficult.</description>
    <position x="60" y="320" z="0" />
    <arc exit="northeast" move="swim northeast" destination="10" />
    <arc exit="southwest" move="swim southwest" destination="9" />
  </node>
  <node id="12" name="Beneath The Zaulfung, Murky Caverns" color="#0000FF">
    <description>A small, unidentifiable drowned animal floats face down in the putrid sludge.  It slaps up against the cavern wall with a sickly smacking sound as the slightest movement causes small waves in the thick muck.</description>
    <position x="120" y="300" z="0" />
    <arc exit="northeast" move="swim northeast" destination="23" />
    <arc exit="south" move="swim south" destination="10" />
    <arc exit="southwest" move="swim southwest" destination="12" />
    <arc exit="west" move="swim west" destination="13" />
    <arc exit="northwest" move="swim northwest" destination="15" />
  </node>
  <node id="13" name="Beneath The Zaulfung, Murky Caverns" color="#0000FF">
    <description>Dark basalt walls covered in black slime reach upwards to a high vaulted ceiling.  Thick alluvium covers the slippery cavern floor, splashing stagnant gunk on the legs of any who dare to trudge through the fetid sludge.</description>
    <position x="140" y="240" z="0" />
    <arc exit="north" move="swim north" destination="14" />
    <arc exit="east" move="swim east" destination="12" />
  </node>
  <node id="14" name="Beneath The Zaulfung, Murky Caverns" color="#0000FF">
    <description>Small mud banks encroach on the cavern sides where the slippery floor is raised slightly.  The flow of water echoes dully as it laps upon the small muddy shore.</description>
    <position x="140" y="220" z="0" />
    <arc exit="north" move="swim north" destination="15" />
    <arc exit="south" move="swim south" destination="13" />
  </node>
  <node id="15" name="Beneath The Zaulfung, Murky Caverns" color="#0000FF">
    <description>A long ledge covered with moldy bat droppings mars the smooth cavern wall.  Traveling the length of this passage, the basalt stone is notched with deep gouges, as if it had been struck by a heavy, blunt instrument.</description>
    <position x="140" y="180" z="0" />
    <arc exit="north" move="swim north" destination="20" />
    <arc exit="northeast" move="swim northeast" destination="45" />
    <arc exit="east" move="swim east" destination="24" />
    <arc exit="southeast" move="swim southeast" destination="12" />
    <arc exit="south" move="swim south" destination="14" />
    <arc exit="southwest" move="swim southwest" destination="16" />
    <arc exit="northwest" move="swim northwest" destination="25" />
  </node>
  <node id="16" name="Beneath The Zaulfung, Murky Caverns" color="#0000FF">
    <description>About halfway along the dark passage are boulders wedged in a rift near the waterline.  Dark brown moss completely covers the protruding stone, giving the semblance of a deformed badger peeking from its den.</description>
    <position x="80" y="200" z="0" />
    <arc exit="north" move="swim north" destination="26" />
    <arc exit="northeast" move="swim northeast" destination="20" />
    <arc exit="east" move="swim east" destination="15" />
    <arc exit="south" move="swim south" destination="19" />
    <arc exit="southwest" move="swim southwest" destination="17" />
    <arc exit="northwest" move="swim northwest" destination="27" />
  </node>
  <node id="17" name="Beneath The Zaulfung, Murky Caverns" color="#0000FF">
    <description>Thick black sludge laps up against dark basalt walls covered in a slippery mucous substance.  The complete silence of the cave is broken only by the monotonous plop of water dripping from an unseen ledge overhead.</description>
    <position x="40" y="220" z="0" />
    <arc exit="northeast" move="swim northeast" destination="16" />
    <arc exit="south" move="swim south" destination="18" />
    <arc exit="northwest" move="swim northwest" destination="21" />
  </node>
  <node id="18" name="Beneath The Zaulfung, Murky Caverns" color="#0000FF">
    <description>Movement through the thick sludge raises the waterline that marks the sides of the cave walls.  Small pieces of debris slap against the hard stone and echo dully throughout the cavern.</description>
    <position x="20" y="260" z="0" />
    <arc exit="north" move="swim north" destination="19" />
    <arc exit="east" move="swim east" destination="8" />
    <arc exit="northwest" move="swim northwest" destination="17" />
  </node>
  <node id="19" name="Beneath The Zaulfung, Murky Caverns" color="#0000FF">
    <description>Thick black sludge laps up against dark basalt walls covered in a slippery mucous substance.  The complete silence of the cave is broken only by the monotonous plop of water dripping from an unseen ledge overhead.</description>
    <position x="60" y="240" z="0" />
    <arc exit="northeast" move="swim northeast" destination="16" />
    <arc exit="south" move="swim south" destination="8" />
    <arc exit="southwest" move="swim southwest" destination="18" />
  </node>
  <node id="20" name="Beneath The Zaulfung, Murky Caverns" color="#0000FF">
    <description>Small, scattered stalagmites jut above the waterline in the darkness, making travel treacherous.  Dark veins of greenish black basalt are embedded deeply in the cavern walls.</description>
    <position x="160" y="140" z="0" />
    <arc exit="north" move="swim north" destination="43" />
    <arc exit="south" move="swim south" destination="15" />
    <arc exit="southwest" move="swim southwest" destination="16" />
  </node>
  <node id="21" name="Beneath The Zaulfung, Murky Caverns" color="#0000FF">
    <description>Several deep scratches mar one of the cavern walls, as if someone or something had attempted to dig minerals out of the hard rock.  Rivulets of moisture from above trickle down and fill the indentations like a thick pus.</description>
    <position x="20" y="200" z="0" />
    <arc exit="east" move="swim east" destination="17" />
  </node>
  <node id="22" name="Beneath The Zaulfung, Murky Caverns" color="#0000FF">
    <description>Swirling eddies of brackish water, laden with unidentifiable refuse, appear haphazardly on the filthy sludge covering the cavern floor.  Occasionally a loose rock will fall from above, spattering black slime on the dark basalt walls.</description>
    <position x="100" y="260" z="0" />
    <arc exit="northeast" move="swim northeast" destination="12" />
    <arc exit="south" move="swim south" destination="9" />
    <arc exit="west" move="swim west" destination="8" />
  </node>
  <node id="23" name="Beneath The Zaulfung, Murky Caverns" color="#0000FF">
    <description>Relatively clean of the wet sludge covering the cavern floor, basalt boulders give evidence of a recent cave-in.  Overhead the din from a cluster of noisy bats echoes dully against the cavern walls.</description>
    <position x="200" y="260" z="0" />
    <arc exit="southwest" move="swim southwest" destination="12" />
    <arc exit="northwest" move="swim northwest" destination="24" />
  </node>
  <node id="24" name="Beneath The Zaulfung, Murky Caverns" color="#0000FF">
    <description>Strange lichen covers one of the dark basalt walls of this underground cave.  The peculiar-looking fungus seems to be thriving in the fetid atmosphere and scant light.</description>
    <position x="160" y="220" z="0" />
    <arc exit="east" move="swim east" destination="23" />
    <arc exit="west" move="swim west" destination="15" />
  </node>
  <node id="25" name="Beneath The Zaulfung, Murky Caverns" color="#0000FF">
    <description>Dark basalt walls covered in slime encompass the chamber, lending a claustrophobic feeling to the area.  Ominous ripples swirl in the fetid sludge covering the cavern floor, their cause unknown.</description>
    <position x="80" y="140" z="0" />
    <arc exit="north" move="swim north" destination="42" />
    <arc exit="southeast" move="swim southeast" destination="15" />
    <arc exit="south" move="swim south" destination="26" />
    <arc exit="southwest" move="swim southwest" destination="27" />
    <arc exit="northwest" move="swim northwest" destination="30" />
  </node>
  <node id="26" name="Beneath The Zaulfung, Murky Caverns" color="#0000FF">
    <description>A thin layer of silt covers heavy stalactites hanging from the vaulted ceiling.  A steady plopping sound can be heard as moisture drips down from the long icicle-shaped forms and hits the putrid sludge covering the cavern floor.</description>
    <position x="80" y="180" z="0" />
    <arc exit="north" move="swim north" destination="25" />
    <arc exit="south" move="swim south" destination="16" />
    <arc exit="west" move="swim west" destination="27" />
  </node>
  <node id="27" name="Beneath The Zaulfung, Murky Caverns" color="#0000FF">
    <description>Two huge slime-covered boulders partially block the passage, leaving only a small opening to squeeze through.  The basalt-veined walls are covered with a thin deposit of black silt.</description>
    <position x="60" y="180" z="0" />
    <arc exit="north" move="swim north" destination="28" />
    <arc exit="northeast" move="swim northeast" destination="25" />
    <arc exit="east" move="swim east" destination="26" />
    <arc exit="southeast" move="swim southeast" destination="16" />
    <arc exit="southwest" move="swim southwest" destination="29" />
    <arc exit="northwest" move="swim northwest" destination="27" />
  </node>
  <node id="28" name="Beneath The Zaulfung, Murky Caverns" color="#0000FF">
    <description>The slippery floor pitches dangerously downwards before tapering off to resume a slight incline.  The sludge is deeper here and the mire beneath the surface is soft, slowing travel considerably.</description>
    <position x="60" y="160" z="0" />
    <arc exit="northeast" move="swim northeast" destination="42" />
    <arc exit="south" move="swim south" destination="27" />
    <arc exit="northwest" move="swim northwest" destination="30" />
  </node>
  <node id="29" name="Beneath The Zaulfung, Murky Caverns" color="#0000FF">
    <description>A small alcove in the cavern wall has become a dumping ground for rotted debris.  The still water in the small fetid grotto is foul and reeks of mold and decay.</description>
    <position x="40" y="200" z="0" />
    <arc exit="northeast" move="swim northeast" destination="27" />
  </node>
  <node id="30" name="Beneath The Zaulfung, Murky Caverns" color="#0000FF">
    <description>A small, unidentifiable drowned animal floats face down in the putrid sludge.  It slaps up against the cavern wall with a sickly smacking sound as the slightest movement causes small waves in the thick muck.</description>
    <position x="0" y="120" z="0" />
    <arc exit="north" move="swim north" destination="32" />
    <arc exit="northeast" move="swim northeast" destination="39" />
    <arc exit="east" move="swim east" destination="42" />
    <arc exit="southeast" move="swim southeast" destination="25" />
    <arc exit="southwest" move="swim southwest" destination="31" />
  </node>
  <node id="31" name="Beneath The Zaulfung, Murky Caverns" color="#0000FF">
    <description>Relatively clean of the wet sludge covering the cavern floor, basalt boulders give evidence of a recent cave-in.  Overhead the din from a cluster of noisy bats echoes dully against the cavern walls.</description>
    <position x="-20" y="140" z="0" />
    <arc exit="northeast" move="swim northeast" destination="30" />
  </node>
  <node id="32" name="Beneath The Zaulfung, Murky Caverns" color="#0000FF">
    <description>Small, scattered stalagmites jut above the waterline in the darkness, making travel treacherous.  Dark veins of greenish black basalt are embedded deeply in the cavern walls.</description>
    <position x="20" y="60" z="0" />
    <arc exit="north" move="swim north" destination="36" />
    <arc exit="east" move="swim east" destination="34" />
    <arc exit="south" move="swim south" destination="33" />
    <arc exit="southwest" move="swim southwest" destination="30" />
  </node>
  <node id="33" name="Beneath The Zaulfung, Murky Caverns" color="#00FF00">
    <description>Several deep scratches mar one of the cavern walls, as if someone or something had tried to dig something out of the hard rock.  Rivulets of moisture from above trickle down and fill the indentations like a thick pus.</description>
    <position x="20" y="80" z="0" />
    <arc exit="north" move="swim north" destination="32" />
    <arc exit="climb" move="climb thick stalagmite" destination="49" />
  </node>
  <node id="34" name="Beneath The Zaulfung, Murky Caverns" color="#0000FF">
    <description>Small mud banks encroach on the cavern sides where the slippery floor is raised slightly.  The flow of water echoes dully as it laps upon the small muddy shore.</description>
    <position x="80" y="60" z="0" />
    <arc exit="east" move="swim east" destination="35" />
    <arc exit="southeast" move="swim southeast" destination="37" />
    <arc exit="west" move="swim west" destination="32" />
  </node>
  <node id="35" name="Beneath The Zaulfung, Murky Caverns" color="#0000FF">
    <description>Two huge slime-covered boulders partially block the passage, leaving only a small opening to squeeze through.  The basalt-veined walls are covered with a thin deposit of black silt.</description>
    <position x="100" y="20" z="0" />
    <arc exit="southeast" move="swim southeast" destination="41" />
    <arc exit="southwest" move="swim southwest" destination="34" />
    <arc exit="west" move="swim west" destination="36" />
  </node>
  <node id="36" name="Beneath The Zaulfung, Murky Caverns" color="#0000FF">
    <description>The slippery floor pitches dangerously downwards before tapering off to resume a slight incline.  The sludge is deeper here and the mire beneath the surface is soft, slowing travel considerably.</description>
    <position x="20" y="20" z="0" />
    <arc exit="east" move="swim east" destination="35" />
    <arc exit="south" move="swim south" destination="32" />
  </node>
  <node id="37" name="Beneath The Zaulfung, Murky Caverns" color="#0000FF">
    <description>A long ledge covered with moldy bat droppings mars the smooth cavern wall.  Traveling the length of this passage, the basalt stone is notched with deep gouges, as if it had been struck by a heavy, blunt instrument.</description>
    <position x="100" y="80" z="0" />
    <arc exit="north" move="swim north" destination="40" />
    <arc exit="northeast" move="swim northeast" destination="41" />
    <arc exit="west" move="swim west" destination="38" />
    <arc exit="northwest" move="swim northwest" destination="34" />
  </node>
  <node id="38" name="Beneath The Zaulfung, Murky Caverns" color="#0000FF">
    <description>About halfway along the dark passage are boulders wedged in a rift near the waterline.  Dark brown moss completely covers the protruding stone, giving the semblance of a deformed badger peeking from its den.</description>
    <position x="60" y="80" z="0" />
    <arc exit="east" move="swim east" destination="37" />
    <arc exit="west" move="swim west" destination="39" />
  </node>
  <node id="39" name="Beneath The Zaulfung, Murky Caverns" color="#0000FF">
    <description>Dark basalt walls covered in black slime reach upwards to a high vaulted ceiling.  Thick alluvium covers the slippery cavern floor, splashing stagnant gunk on the legs of any who dare to trudge through the fetid sludge.</description>
    <position x="40" y="80" z="0" />
    <arc exit="east" move="swim east" destination="38" />
    <arc exit="southeast" move="swim southeast" destination="43" />
    <arc exit="southwest" move="swim southwest" destination="30" />
  </node>
  <node id="40" name="Beneath The Zaulfung, Murky Caverns" color="#0000FF">
    <description>A small alcove in the cavern wall has become a dumping ground for rotted debris.  The still water in the small fetid grotto is foul and reeks of mold and decay.</description>
    <position x="100" y="60" z="0" />
    <arc exit="south" move="swim south" destination="37" />
  </node>
  <node id="41" name="Beneath The Zaulfung, Murky Caverns" color="#0000FF">
    <description>A thin layer of silt covers heavy stalactites hanging from the vaulted ceiling.  A steady plopping sound can be heard as moisture drips down from the long icicle-shaped forms and hits the putrid sludge covering the cavern floor.</description>
    <position x="120" y="60" z="0" />
    <arc exit="southwest" move="swim southwest" destination="37" />
    <arc exit="northwest" move="swim northwest" destination="35" />
  </node>
  <node id="42" name="Beneath The Zaulfung, Murky Caverns" color="#0000FF">
    <description>A huge cavern, its ceiling obscured by a foul mist, opens ominously before you.  Droplets of cloudy liquid trickle down the dark basalt walls into the putrid muck that covers the slippery floor.</description>
    <position x="80" y="120" z="0" />
    <arc exit="east" move="swim east" destination="43" />
    <arc exit="southeast" move="swim southeast" destination="25" />
    <arc exit="south" move="swim south" destination="28" />
    <arc exit="west" move="swim west" destination="30" />
  </node>
  <node id="43" name="Beneath The Zaulfung, Murky Caverns" color="#0000FF">
    <description>Strange lichen covers one of the dark basalt walls of this underground cave.  The peculiar-looking fungus seems to be thriving in the fetid atmosphere and scant light.</description>
    <position x="120" y="120" z="0" />
    <arc exit="north" move="swim north" destination="39" />
    <arc exit="northeast" move="swim northeast" destination="44" />
    <arc exit="southeast" move="swim southeast" destination="45" />
    <arc exit="south" move="swim south" destination="20" />
    <arc exit="northwest" move="swim northwest" destination="42" />
  </node>
  <node id="44" name="Beneath The Zaulfung, Murky Caverns" color="#0000FF">
    <description>Several deep scratches mar one of the cavern walls, as if someone or something had attempted to dig minerals out of the hard rock.  Rivulets of moisture from above trickle down and fill the indentations like a thick pus.</description>
    <position x="140" y="80" z="0" />
    <arc exit="southeast" move="swim southeast" destination="47" />
    <arc exit="southwest" move="swim southwest" destination="43" />
  </node>
  <node id="45" name="Beneath The Zaulfung, Murky Caverns" color="#0000FF">
    <description>Swirling eddies of brackish water, laden with unidentifiable refuse, appear haphazardly on the filthy sludge covering the cavern floor.  Occasionally a loose rock will fall from above, spattering black slime on the dark basalt walls.</description>
    <position x="140" y="140" z="0" />
    <arc exit="north" move="swim north" destination="43" />
    <arc exit="northeast" move="swim northeast" destination="46" />
    <arc exit="southwest" move="swim southwest" destination="15" />
  </node>
  <node id="46" name="Beneath The Zaulfung, Murky Caverns" color="#0000FF">
    <description>Oozing matter seeps from the dark basalt walls and dribbles down to the murky sludge covering the cavern floor.  Walking has become treacherous -- a single misstep will be cause for a slimy bath.</description>
    <position x="140" y="100" z="0" />
    <arc exit="northeast" move="swim northeast" destination="48" />
    <arc exit="south" move="swim south" destination="45" />
  </node>
  <node id="47" name="Beneath The Zaulfung, Murky Caverns" color="#0000FF">
    <description>Movement through the thick sludge raises the waterline that marks the sides of the cave walls.  Small pieces of debris slap against the hard stone and echo dully throughout the cavern.</description>
    <position x="160" y="100" z="0" />
    <arc exit="north" move="north" destination="48" />
    <arc exit="northwest" move="northwest" destination="44" />
  </node>
  <node id="48" name="Beneath The Zaulfung, Murky Caverns" color="#0000FF">
    <description>The walls are jagged and sharp.  Several pointed outcrops, discolored with a reddish hue, have remnants of what appears to be clumps of matted hair.</description>
    <position x="160" y="80" z="0" />
    <arc exit="south" move="swim south" destination="47" />
    <arc exit="southwest" move="swim southwest" destination="46" />
  </node>
  <node id="49" name="Beneath The Zaulfung, Charred Caverns" color="#00FF00">
    <description>A small shelf just below the low ceiling juts out over a massive cavern below.  A thick stalactite descends from the ceiling, offering something to shimmy down on to the lower level.  The shelf opens into a cavern of its own to the southeast, whose charred basalt walls are nearly everywhere you look.</description>
    <position x="260" y="160" z="0" />
    <arc exit="southeast" move="southeast" destination="50" />
    <arc exit="climb" move="climb thick stalactite" destination="33" />
  </node>
  <node id="50" name="Beneath The Zaulfung, Charred Caverns">
    <description>Dark basalt walls flecked with unidentifiable minerals glisten in the damp atmosphere.  Sharp rocks underfoot are slick with slimy lichen, slowing travel through this treacherous area.</description>
    <position x="280" y="180" z="0" />
    <arc exit="south" move="south" destination="51" />
    <arc exit="northwest" move="northwest" destination="49" />
    <arc exit="go" move="go amorphous spirits" destination="122" />
  </node>
  <node id="51" name="Beneath The Zaulfung, Charred Caverns">
    <description>Ominously shaped stalagmites protruding haphazardly from the cavern floor hinder movement and cast eerie shadows.  Navigating through these natural obstacles slows the vigilant traveler.</description>
    <position x="280" y="200" z="0" />
    <arc exit="north" move="north" destination="50" />
    <arc exit="southeast" move="southeast" destination="52" />
  </node>
  <node id="52" name="Beneath The Zaulfung, Charred Caverns">
    <description>Dull echoes reverberate throughout the vast cavern as overhead the faint fluttering of unseen bats breaks the silence of the cave.  Layers of fetid droppings cover the walls and floor like splatters from a malformed brush on a painter's canvas.</description>
    <position x="300" y="220" z="0" />
    <arc exit="east" move="east" destination="55" />
    <arc exit="northwest" move="northwest" destination="53" />
  </node>
  <node id="53" name="Beneath The Zaulfung, Charred Caverns">
    <description>A recent cave-in partially obstructs travel here, and one must slow the pace to traverse the fallen boulders and crushed rock.  Rare minerals extended in chaotic lines on the surface of the walls resemble the weavings of a deranged spider.</description>
    <position x="300" y="240" z="0" />
    <arc exit="northeast" move="northeast" destination="55" />
    <arc exit="southeast" move="southeast" destination="54" />
  </node>
  <node id="54" name="Beneath The Zaulfung, Charred Caverns">
    <description>The passage opens up to a three-way intersection as if to befuddle the unwary traveler.  Jagged outcroppings dusted with shiny specks of rich minerals glisten like minute diamonds, almost begging for a pickaxe to mar the studded surface.</description>
    <position x="320" y="260" z="0" />
    <arc exit="northeast" move="northeast" destination="59" />
    <arc exit="southeast" move="southeast" destination="56" />
    <arc exit="northwest" move="northwest" destination="53" />
  </node>
  <node id="55" name="Beneath The Zaulfung, Charred Caverns">
    <description>Crumbled stone litters the dry floor and the basalt walls are scorched and pitted, as if a constant heat or fire has been applied.  Random scratches and gouges are deeply imbedded in one wall, the indentations filled with blackened soot.</description>
    <position x="320" y="220" z="0" />
    <arc exit="southwest" move="southwest" destination="53" />
    <arc exit="west" move="west" destination="52" />
  </node>
  <node id="56" name="Beneath The Zaulfung, Charred Caverns">
    <description>A huge rock, besmeared with fetid animal droppings and remnants of scorched bone and scraps of tattered cloth, partially obstructs the passageway.  At the base are deep scratches and irregular notches filled with packed dirt.</description>
    <position x="340" y="280" z="0" />
    <arc exit="south" move="south" destination="57" />
    <arc exit="northwest" move="northwest" destination="54" />
  </node>
  <node id="57" name="Beneath The Zaulfung, Charred Caverns">
    <description>The passageway widens slightly and is large enough for three Gor'Togs to walk abreast.  The cold walls are jagged, with razor sharp outcroppings that glisten with minerals.</description>
    <position x="340" y="300" z="0" />
    <arc exit="north" move="north" destination="56" />
    <arc exit="southwest" move="southwest" destination="58" />
  </node>
  <node id="58" name="Beneath The Zaulfung, Charred Caverns">
    <description>Unidentifiable minerals snake randomly on the surface of the stone walls, leaving sinuous trails in the hard rock.  A pile of scorched rubble lies abandoned in one corner, a remnant from a past battle.</description>
    <position x="320" y="320" z="0" />
    <arc exit="northeast" move="northeast" destination="57" />
    <arc exit="northwest" move="northwest" destination="53" />
  </node>
  <node id="59" name="Beneath The Zaulfung, Charred Caverns">
    <description>Several icicle-shaped stalactites hang from the cavern ceiling.  Their damaged tips are blackened and scorched, making them look like the rotting fangs of some huge carnivore.</description>
    <position x="340" y="240" z="0" />
    <arc exit="northeast" move="northeast" destination="60" />
    <arc exit="southwest" move="southwest" destination="54" />
  </node>
  <node id="60" name="Beneath The Zaulfung, Charred Caverns">
    <description>The cavern opens into a room with a high vaulted ceiling and several passageways, with no clues in which direction to traverse.  Occasionally a stray rock falls to the floor with a dull thud, but otherwise a traveler is met with only an ominous silence.</description>
    <position x="360" y="220" z="0" />
    <arc exit="northeast" move="northeast" destination="69" />
    <arc exit="southwest" move="southwest" destination="59" />
    <arc exit="west" move="west" destination="61" />
  </node>
  <node id="61" name="Beneath The Zaulfung, Charred Caverns">
    <description>The stone riddled floor slopes slightly and the passageway narrows.  The dark walls seem to bulge outwards, creating an almost claustrophobic feeling in this area.</description>
    <position x="340" y="220" z="0" />
    <arc exit="east" move="east" destination="60" />
    <arc exit="northwest" move="northwest" destination="62" />
  </node>
  <node id="62" name="Beneath The Zaulfung, Charred Caverns">
    <description>Three darkly ominous passageways greet the unsuspecting traveler in this cavernous chamber.  Blackened and scorched walls guard a floor littered with animal droppings and crushed rocks.</description>
    <position x="320" y="200" z="0" />
    <arc exit="east" move="east" destination="65" />
    <arc exit="southeast" move="southeast" destination="61" />
    <arc exit="northwest" move="northwest" destination="63" />
  </node>
  <node id="63" name="Beneath The Zaulfung, Charred Caverns">
    <description>Oddly shaped rocks, singed black from an unexplained flame, protrude erratically from the walls and ceiling of this narrow passageway.  To the north the passage leads deeper into the recesses of the earth, the floor pitching slightly, impeding travel with its treacherous surface.</description>
    <position x="300" y="180" z="0" />
    <arc exit="north" move="north" destination="64" />
    <arc exit="southeast" move="southeast" destination="62" />
  </node>
  <node id="64" name="Beneath The Zaulfung, Charred Caverns">
    <description>The rugged passage leads into a larger chamber filled with jagged rocks and small scabrous boulders haphazardly scattered.  The whisper of a draft whistles ominously and echoes hollowly through three open entryways.</description>
    <position x="300" y="160" z="0" />
    <arc exit="northeast" move="northeast" destination="66" />
    <arc exit="south" move="south" destination="63" />
    <arc exit="northwest" move="northwest" destination="49" />
  </node>
  <node id="65" name="Beneath The Zaulfung, Charred Caverns">
    <description>A large crack has caused a jagged rift in one of the basalt walls, exposing a variety of minerals embedded deep within the hard stone.  The cavern's floor is uneven and treacherous to walk on, with serrated rocks emerging helter-skelter along the rough surface.</description>
    <position x="340" y="200" z="0" />
    <arc exit="northeast" move="northeast" destination="66" />
    <arc exit="west" move="west" destination="62" />
  </node>
  <node id="66" name="Beneath The Zaulfung, Charred Caverns">
    <description>Craggy basalt walls stretch upwards toward a natural domed ceiling.  The hard floor is tamped down and smooth, almost as if an invisible broom has swept miscellaneous debris into one of the three passageways that open into this area.</description>
    <position x="360" y="180" z="0" />
    <arc exit="northeast" move="northeast" destination="68" />
    <arc exit="east" move="east" destination="67" />
    <arc exit="southwest" move="southwest" destination="65" />
  </node>
  <node id="67" name="Charred Caverns, Chasm's Edge">
    <description>The passageway ends abruptly at the edge of a wide chasm.  The surrounding walls are blackened with fiery marks seared deeply into the hard rock.  The floor is littered with the charred remains of small animals that were trapped, perhaps as they waged a final battle.  A rope bridge, frayed but otherwise unmarked, spans the deep abyss before you.</description>
    <position x="380" y="180" z="0" />
    <arc exit="west" move="west" destination="66" />
    <arc exit="go" move="rt go rope bridge" destination="71" />
  </node>
  <node id="68" name="Beneath The Zaulfung, Charred Caverns">
    <description>Craggy walls pitted and filled with grime and soot line the passageway.  Irregularly notched indentations hold the remains of tiny bits of debris that are blackened and charred beyond recognition.</description>
    <position x="360" y="160" z="0" />
    <arc exit="northeast" move="northeast" destination="55" />
    <arc exit="southwest" move="southwest" destination="66" />
  </node>
  <node id="69" name="Beneath The Zaulfung, Charred Caverns">
    <description>Denticulated walls with tiny formations of serrated rock provide an unusual nesting place for mysterious fungi, whose foul, pungent odor permeates the stale air.  Unidentifiable mushrooms are strewed along the cavern floor, smashed into a slippery pulp by previous visitors.</description>
    <position x="380" y="200" z="0" />
    <arc exit="east" move="east" destination="70" />
    <arc exit="southwest" move="southwest" destination="60" />
  </node>
  <node id="70" name="Beneath The Zaulfung, Charred Caverns">
    <description>Deep claw marks are slashed irregularly along the craggy walls and floor, as if something had attacked the rock with great anger or frustration.  The porous floor is saturated with varying degrees of rust-colored stains, having soaked up and absorbed all manner of unidentifiable secretions.</description>
    <position x="400" y="200" z="0" />
    <arc exit="southwest" move="southwest" destination="59" />
    <arc exit="west" move="west" destination="69" />
  </node>
  <node id="71" name="Charred Caverns, Rope Bridge">
    <description>A fraying rope has been anchored on each side of a wide chasm, allowing one to shuffle hand-to-hand while hanging above the unknown darkness.  The western edge of the chasm is just within reach here.</description>
    <position x="440" y="180" z="0" />
    <arc exit="none" move="rt shuffle east" destination="72" />
    <arc exit="none" move="rt shuffle west" destination="67" />
  </node>
  <node id="72" name="Charred Caverns, Rope Bridge">
    <description>A fraying rope has been anchored on each side of a wide chasm, allowing one to shuffle hand-to-hand while hanging above the unknown darkness.  Strange noises stir in the surrounding shadows, like swarms of malignant specters waiting for the right moment to snatch you off the line.</description>
    <position x="460" y="180" z="0" />
    <arc exit="none" move="rt shuffle east" destination="73" />
    <arc exit="none" move="rt shuffle west" destination="71" />
  </node>
  <node id="73" name="Charred Caverns, Rope Bridge">
    <description>A fraying rope has been anchored on each side of a wide chasm, allowing one to shuffle hand-to-hand while hanging above the unknown darkness.  The eastern edge of the chasm is just within reach here.</description>
    <position x="480" y="180" z="0" />
    <arc exit="none" move="rt shuffle east" destination="74" />
    <arc exit="none" move="rt shuffle west" destination="72" />
  </node>
  <node id="74" name="Charred Caverns, Chasm's Edge">
    <description>The stony ground ends in a jagged ledge to the west overlooking a great chasm.  An enormous flat boulder nearby anchors a fraying rope bridge.</description>
    <position x="480" y="380" z="0" />
    <arc exit="east" move="east" destination="75" />
    <arc exit="go" move="rt go rope bridge" destination="73" />
  </node>
  <node id="75" name="Beneath The Zaulfung, Charred Caverns">
    <description>Skulls and other indistinct skeletal remnants lie strewn in a disorderly pile near the path's edge.  The acrid odor of charred human flesh obtrusively invades the palate.</description>
    <position x="500" y="380" z="0" />
    <arc exit="northeast" move="northeast" destination="76" />
    <arc exit="west" move="west" destination="74" />
  </node>
  <node id="76" name="Beneath The Zaulfung, Charred Caverns">
    <description>The cavern snakes onward, the walls uneven and jagged.  Whatever force, natural or otherwise, gave birth to these tunnels clearly valued haste over beauty or safety.</description>
    <position x="520" y="360" z="0" />
    <arc exit="east" move="east" destination="77" />
    <arc exit="southwest" move="southwest" destination="75" />
  </node>
  <node id="77" name="Charred Caverns, Maelshyve's Threshold" note="Depart|Obelisk" color="#00FF00">
    <description>A stout obsidian obelisk stands prominently in the center of the circular chamber.  Its four faces are pristine and unmarred by etching or carving.  An ornate black crystal archway molded from the rock leads north into an eerily lit shrine.</description>
    <position x="540" y="360" z="0" />
    <arc exit="west" move="west" destination="76" />
    <arc exit="go" move="go black archway" destination="78" />
  </node>
  <node id="78" name="Maelshyve's Threshold, Antechamber">
    <description>Contorted skulls affixed to thick iron spikes flank a black crystal archway that leads to the southern caverns.  The orifices of the morbid effigies burn with intense flame, casting a flickering glow upon three great statues carved into the northern walls of the shrine.</description>
    <position x="560" y="360" z="0" />
    <arc exit="north" move="north" destination="80" />
    <arc exit="northeast" move="northeast" destination="79" />
    <arc exit="northwest" move="northwest" destination="81" />
    <arc exit="go" move="go black archway" destination="77" />
  </node>
  <node id="79" name="Maelshyve's Threshold, Antechamber" note="Blue|Ice" color="#00FF00">
    <description>A small pile of coarse bone meal lies in tribute at the foot of a grotesque statue carved into the face of the northeastern wall.  Shadows hang in the corner, obscuring the rightmost half of the stillborn creature.</description>
    <position x="580" y="340" z="0" />
    <arc exit="southwest" move="southwest" destination="78" />
    <arc exit="west" move="west" destination="80" />
  </node>
  <node id="80" name="Maelshyve's Threshold, Antechamber" note="Black|Shadows" color="#00FF00">
    <description>A sickly, fluttering glow from the south illuminates a carving in the northern wall depicting a contorted reptilian woman.  A cold stillness hangs in the air, a foreboding harbinger of what may lie beyond this chamber.</description>
    <description>A pile of rubble is strewn upon the ground beneath a large hole that has crumbled in the northern wall of the chamber.  A cold stillness hangs in the air, a foreboding harbinger of what may lie beyond this chamber.</description>
    <position x="560" y="340" z="0" />
    <arc exit="east" move="east" destination="79" />
    <arc exit="south" move="south" destination="78" />
    <arc exit="west" move="west" destination="81" />
    <arc exit="north" move="north" destination="82" />
  </node>
  <node id="81" name="Maelshyve's Threshold, Antechamber" note="Red|Fire" color="#00FF00">
    <description>Carved into the face of the northwestern wall is a hideous statue bearing vaguely reptilian yet humanoid features.  Its grand musculature and cruel, claw-tipped appendages unmistakably shatter any remote resemblance to a S'Kra Mur.</description>
    <position x="540" y="340" z="0" />
    <arc exit="east" move="east" destination="80" />
    <arc exit="southeast" move="southeast" destination="78" />
  </node>
  <node id="82" name="Maelshyve's Fortress, Grand Hall">
    <description>The stone walls of the preceding caverns end abruptly, giving way to a crystalline hall of inky purple-black obsidian.  Murky shadows gestate within the cool glassy sea, shifting languidly in the dim, unstable light.  Two hallways fork off from the entryway, slithering deeper into the depths of the foul temple.  The southern stone wall has crumbled, leaving a pile of rubble on the ground.  A jagged hole allows passage into a large chamber beyond.</description>
    <description>The stone walls of the preceding caverns end abruptly, giving way to a crystalline hall of inky purple-black obsidian.  Murky shadows gestate  within the cool glassy sea, shifting languidly in the dim, unstable light.  Three  hallways fork off from the entryway, slithering deeper into the depths of the foul temple.  The southern stone wall has crumbled, leaving a pile of rubble on the ground.  A jagged hole allows passage into a large chamber beyond.</description>
    <position x="560" y="320" z="0" />
    <arc exit="northeast" move="northeast" destination="83" />
    <arc exit="south" move="south" destination="80" />
    <arc exit="northwest" move="northwest" destination="88" />
    <arc exit="north" move="north" destination="93" />
  </node>
  <node id="83" name="Maelshyve's Fortress, Hall of Terror">
    <description>Sleek obsidian walls extend into darkness to the north.  The ceiling vaults high above, thick shadows concealing what may perch overhead.</description>
    <position x="580" y="300" z="0" />
    <arc exit="north" move="north" destination="84" />
    <arc exit="southwest" move="southwest" destination="82" />
  </node>
  <node id="84" name="Maelshyve's Fortress, Hall of Terror">
    <description>Masses of insects flood the floor of the narrow, dank hallway, producing moist crackling noises as carapaces are crushed with every step.  The choking stench of decomposing flesh invades the room and the nostrils.</description>
    <position x="580" y="280" z="0" />
    <arc exit="north" move="north" destination="85" />
    <arc exit="south" move="south" destination="83" />
  </node>
  <node id="85" name="Maelshyve's Fortress, Hall of Terror">
    <description>The incessant hissing resounding through the close quarters reveals the shadow-shrouded presence of what must be thousands of cockroaches crawling along the slimy ground.</description>
    <position x="580" y="260" z="0" />
    <arc exit="north" move="north" destination="86" />
    <arc exit="south" move="south" destination="84" />
  </node>
  <node id="86" name="Maelshyve's Fortress, Hall of Terror">
    <description>Rusty iron cages are affixed to the highly polished obsidian walls, their surfaces covered in an ever-flowing wave of insects.  Several of the restraints appear particularly brutal, bearing spikes to spear into flesh and bone at the slightest protest of a captive's predicament.</description>
    <position x="580" y="240" z="0" />
    <arc exit="north" move="north" destination="87" />
    <arc exit="south" move="south" destination="85" />
  </node>
  <node id="87" name="Maelshyve's Fortress, Hall of Terror" color="#00FF00">
    <description>Luminous red lichen on the low ceiling casts a bloody sheen over the smooth, glassy northern wall.  Illuminated just under the obsidian's surface is the twisted skeleton of a hulking reptilian creature.  A head above the average Gor'Tog, the fanged skull protrudes from the solid rock.  Just below it, the skeletal tail is also exposed to the open air.</description>
    <position x="580" y="220" z="0" />
    <arc exit="south" move="south" destination="86" />
  </node>
  <node id="88" name="Maelshyve's Fortress, Hall of Anguish">
    <description>The ceiling of the dark obsidian hall hangs low, lending an element of confinement to the stale musty air often found in enclosed spaces.  A dark pool of viscous liquid lies near the eastern wall.</description>
    <position x="540" y="300" z="0" />
    <arc exit="north" move="north" destination="89" />
    <arc exit="southeast" move="southeast" destination="82" />
  </node>
  <node id="89" name="Maelshyve's Fortress, Hall of Anguish">
    <description>The overwhelming stench of bile rises from the ground, bringing with it a bitter taste.  The ceiling seems to slope lower further to the north.</description>
    <position x="540" y="280" z="0" />
    <arc exit="north" move="north" destination="90" />
    <arc exit="south" move="south" destination="88" />
  </node>
  <node id="90" name="Maelshyve's Fortress, Hall of Anguish">
    <description>Rusty iron implements protrude awkwardly from the icy obsidian walls, stained with a thick crust of dried blood.  Nearby, the wall is notched with crude hashmarks, likely a calendar kept to catalog prolonged suffering.</description>
    <position x="540" y="260" z="0" />
    <arc exit="north" move="north" destination="91" />
    <arc exit="south" move="south" destination="89" />
  </node>
  <node id="91" name="Maelshyve's Fortress, Hall of Anguish">
    <description>Corroded shackles anchored deep into the walls imprison weathered skeletons of victims long deceased.  Discolored bone fragments litter the floor as the restrained corpses give way to the siege of time, crumbling ever so slowly into the dust of which they were conceived.</description>
    <position x="540" y="240" z="0" />
    <arc exit="north" move="north" destination="92" />
    <arc exit="south" move="south" destination="90" />
  </node>
  <node id="92" name="Maelshyve's Fortress, Hall of Anguish" color="#00FF00">
    <description>The low obsidian hallway meets an abrupt end at a small alcove.  A morbid effigy lies in the northern wall, a full skeleton mostly submerged within the dusky obsidian.  Protruding from the glassy prison is a Human skull and a single skeletal arm.</description>
    <position x="540" y="220" z="0" />
    <arc exit="south" move="south" destination="91" />
  </node>
  <node id="93" name="Maelshyve's Fortress, Hall of Malice">
    <description>Deep blue velvet tapestries drape down from the vaulted ceiling, framing the wide obsidian hall that extends northward.  To the south, the hallway ends in a grand antechamber.</description>
    <description>Deep blue velvet tapestries drape down from the vaulted ceiling, framing the  wide obsidian hall that extends northward.  A strange etching has been carved into the glassy southern wall.</description>
    <position x="560" y="300" z="0" />
    <arc exit="north" move="north" destination="94" />
    <arc exit="south" move="south" destination="82" />
    <arc exit="none" move="touch etching" destination="82" />
  </node>
  <node id="94" name="Maelshyve's Fortress, Hall of Malice">
    <description>The obsidian walls here are highly polished to a mirrored sheen, duskily reflecting whatever passes.  The hallway is broad, but the hanging velvet tapestries swallow the space within their shadowed folds, narrowing the passage to a sliver.</description>
    <position x="560" y="280" z="0" />
    <arc exit="north" move="north" destination="95" />
    <arc exit="south" move="south" destination="93" />
  </node>
  <node id="95" name="Maelshyve's Fortress, Hall of Malice">
    <description>Veins of a red crystalline stone course through the obsidian ceiling, slathering a bloodshot sheen across the polished walls.  The velvet drapes cast long clawlike shadows across the smooth ebon floor.</description>
    <position x="560" y="260" z="0" />
    <arc exit="north" move="north" destination="96" />
    <arc exit="south" move="south" destination="94" />
  </node>
  <node id="96" name="Maelshyve's Fortress, Hall of Malice">
    <description>Twin statues carved of a rich midnight blue crystal flank either side of the hallway.  Each bears the likeness of a Human woman disfigured with reptilian features -- claws, wings, and fangs.  Both faces are alluring, a siren's call beckoning the unwary.  The figure to the west stands proudly, her arm raised and her fanged lips curled into a battle roar.  The eastern figure is solemn, her claws clasped demurely before her, both shoulders slumped under the weight of two enormous outstretched wings.</description>
    <position x="560" y="240" z="0" />
    <arc exit="north" move="north" destination="97" />
    <arc exit="south" move="south" destination="95" />
  </node>
  <node id="97" name="Maelshyve's Fortress, Hall of Malice">
    <description>The sleek walls crumble to the north, giving way to an open cavern that booms with the sound of rushing water.  Glistening in the darkness, an underground river flows to the east, threatening to sweep any who descend the jagged bank deep into the bowels of the cavern.</description>
    <position x="560" y="220" z="0" />
    <arc exit="south" move="south" destination="96" />
    <arc exit="climb" move="climb jagged bank" destination="98" />
  </node>
  <node id="98" name="Cavern, Underground River" color="#0000FF">
    <description>Water crashes strongly against you, threatening to drag you with it on its eastward journey into unknown depths.  A jagged bank of rocky earth littered with crumbling obsidian shards ascends to the south, leading into a narrow hallway.</description>
    <position x="560" y="200" z="0" />
    <arc exit="north" move="swim north" destination="99" />
    <arc exit="northeast" move="swim northeast" destination="102" />
    <arc exit="east" move="swim east" destination="101" />
    <arc exit="climb" move="climb jagged bank" destination="97" />
  </node>
  <node id="99" name="Cavern, Underground River" color="#0000FF">
    <description>Water crashes strongly against you, threatening to drag you with it on its eastward journey into unknown depths.</description>
    <position x="560" y="180" z="0" />
    <arc exit="north" move="swim north" destination="100" />
    <arc exit="northeast" move="swim northeast" destination="103" />
    <arc exit="east" move="swim east" destination="102" />
    <arc exit="southeast" move="swim southeast" destination="101" />
    <arc exit="south" move="swim south" destination="98" />
  </node>
  <node id="100" name="Cavern, Underground River" color="#0000FF">
    <description>Water crashes strongly against you, threatening to drag you with it on its eastward journey into unknown depths.  A jagged bank of rocky earth littered with crumbling obsidian shards ascends to the north, leading into a narrow hallway.</description>
    <position x="560" y="160" z="0" />
    <arc exit="east" move="swim east" destination="103" />
    <arc exit="southeast" move="swim southeast" destination="102" />
    <arc exit="south" move="swim south" destination="99" />
    <arc exit="climb" move="climb jagged bank" destination="106" />
  </node>
  <node id="101" name="Cavern, Underground River" color="#0000FF">
    <description>The violent current crashes through the twisting caverns, snaking downward to the east.</description>
    <position x="580" y="200" z="0" />
    <arc exit="north" move="swim north" destination="102" />
    <arc exit="northeast" move="swim northeast" destination="104" />
    <arc exit="west" move="swim west" destination="98" />
    <arc exit="northwest" move="swim northwest" destination="99" />
  </node>
  <node id="102" name="Cavern, Underground River" color="#0000FF">
    <description>Water crashes strongly against you, threatening to drag you with it on its eastward journey into unknown depths.</description>
    <position x="580" y="180" z="0" />
    <arc exit="north" move="swim north" destination="103" />
    <arc exit="east" move="swim east" destination="104" />
    <arc exit="south" move="swim south" destination="101" />
    <arc exit="southwest" move="swim southwest" destination="98" />
    <arc exit="west" move="swim west" destination="99" />
    <arc exit="northwest" move="swim northwest" destination="100" />
  </node>
  <node id="103" name="Cavern, Underground River" color="#0000FF">
    <description>The violent current crashes through the twisting caverns, snaking downward to the east.</description>
    <position x="580" y="160" z="0" />
    <arc exit="southeast" move="swim southeast" destination="104" />
    <arc exit="south" move="swim south" destination="102" />
    <arc exit="southwest" move="swim southwest" destination="99" />
    <arc exit="west" move="swim west" destination="100" />
  </node>
  <node id="104" name="Cavern, Underground River" color="#0000FF">
    <description>The violent current crashes through the twisting caverns, snaking downward to the east.</description>
    <position x="600" y="180" z="0" />
    <arc exit="east" move="swim east" destination="105" />
    <arc exit="southwest" move="swim southwest" destination="101" />
    <arc exit="west" move="swim west" destination="102" />
    <arc exit="northwest" move="swim northwest" destination="103" />
  </node>
  <node id="105" name="Cavern, Underground River" color="#0000FF">
    <description>The violent current crashes through the twisting caverns, snaking downward to the east.  A steep drop-off appears just up ahead, the waters cascading brutally into the roaring darkness below.</description>
    <position x="660" y="180" z="0" />
    <arc exit="east" move="east" />
    <arc exit="west" move="swim west" destination="104" />
  </node>
  <node id="106" name="Maelshyve's Fortress, Hall of Malice">
    <description>The sleek walls crumble to the south, giving way to an open cavern that booms with the sound of rushing water.  Glistening in the darkness, an underground river flows to the east, threatening to sweep any who descend the jagged bank deep into the bowels of the cavern.</description>
    <position x="560" y="140" z="0" />
    <arc exit="north" move="north" destination="107" />
    <arc exit="climb" move="climb jagged bank" destination="100" />
  </node>
  <node id="107" name="Maelshyve's Fortress, Hall of Malice">
    <description>Claw-shaped sconces protruding seamlessly from the obsidian walls grasp feeble flames that faintly illuminate the hall.  A large circle has been outlined in the glassy floor, its borders etched in indecipherable runes.</description>
    <position x="560" y="120" z="0" />
    <arc exit="north" move="north" destination="108" />
    <arc exit="south" move="south" destination="106" />
  </node>
  <node id="108" name="Maelshyve's Fortress, Hall of Malice" color="#00FF00">
    <description>Tapestries bearing the prominent image of a skyward-turned claw in blood red adorn the walls to either side, embroidered upon dark blue velvet.  Etched into the floor is a curiously placed circle of intricate runes.</description>
    <description>Tapestries bearing the prominent image of a skyward-turned claw in blood red adorn the walls to either side, embroidered upon dark blue velvet.  Etched into the floor is a curiously placed circle of intricate runes.</description>
    <position x="560" y="100" z="0" />
    <arc exit="south" move="south" destination="107" />
  </node>
  <node id="109" name="Maelshyve's Fortress, Inner Sanctum">
    <description>A twisted onyx sculpture sits at the intersection of the two northern hallways, its claw-like shape grasping a polished silver bowl.  Above it, a tapestry hangs, bearing the likeness of a Human man dressed in priestly garb.  The bottom edges of the tapestry are stained a ruddy brown.</description>
    <description>A twisted onyx sculpture sits at the intersection of the two northern hallways, its claw-like shape grasping a polished silver bowl.  Above it, a tapestry hangs, bearing the likeness of a Human man dressed in priestly garb.  The bottom edges of the tapestry are stained a ruddy brown.  You also see an etched circle of curious runes.</description>
    <position x="600" y="100" z="0" />
    <arc exit="northeast" move="northeast" destination="110" />
    <arc exit="south" move="south" destination="121" />
    <arc exit="northwest" move="northwest" destination="115" />
  </node>
  <node id="110" name="Maelshyve's Fortress, Inner Sanctum">
    <description>The empty hall's air is sour and musty, yet there is no trace of dust or cobweb.  The environment is eerily sterile, devoid of anything remotely natural or bearing a trace of life.</description>
    <position x="620" y="80" z="0" />
    <arc exit="northeast" move="northeast" destination="111" />
    <arc exit="southwest" move="southwest" destination="109" />
  </node>
  <node id="111" name="Maelshyve's Fortress, Inner Sanctum">
    <description>A wave of mysterious silver liquid flows sluggishly like streaming teardrops from a crack in the ceiling, painting the eastern wall in its luminescence.  The liquid disappears into another crack in the ground, presumably to an unknown reservoir.  Strange shapes manifest in the mirrored liquid every so often, only to smooth out moments later.</description>
    <position x="640" y="60" z="0" />
    <arc exit="southwest" move="southwest" destination="110" />
    <arc exit="northwest" move="northwest" destination="112" />
  </node>
  <node id="112" name="Maelshyve's Fortress, Inner Sanctum">
    <description>The faint sound of rustling robes swishes through the hallway intermittently, coinciding with the flickering of feeble torchlight that emanates down the hall.  There seems to be no tangible source of the disturbance.</description>
    <position x="620" y="40" z="0" />
    <arc exit="southeast" move="southeast" destination="111" />
    <arc exit="northwest" move="northwest" destination="120" />
  </node>
  <node id="113" name="Maelshyve's Fortress, Inner Sanctum">
    <description>A jagged gash wounds the wall here, seemingly collateral damage of a recent battle.  Tiny shards of obsidian are strewn about the smooth floor, glittering in the sparse light.</description>
    <position x="580" y="40" z="0" />
    <arc exit="northeast" move="northeast" destination="120" />
    <arc exit="southwest" move="southwest" destination="114" />
  </node>
  <node id="114" name="Maelshyve's Fortress, Inner Sanctum" note="Weapons|Spineripper|Mortal's Folly|Blight Fist" color="#00FF00">
    <description>Set against the eastern wall is a sturdy iron weapon rack adorned at each side with contorted kobold skulls.  Several violent implements grace it, freshly polished with the loving care of one who must relish their employment.</description>
    <position x="560" y="60" z="0" />
    <arc exit="northeast" move="northeast" destination="113" />
    <arc exit="southeast" move="southeast" destination="115" />
  </node>
  <node id="115" name="Maelshyve's Fortress, Inner Sanctum" color="#00FF00">
    <description>Intricate ornamentation is placed strategically throughout the austere halls, yet there is little comfort to be had.  The glassy obsidian walls reflect light harshly, and the cold floors of the same hard volcanic rock are slick and unforgiving to the hasty step.</description>
    <position x="580" y="80" z="0" />
    <arc exit="southeast" move="southeast" destination="109" />
    <arc exit="northwest" move="northwest" destination="114" />
  </node>
  <node id="116" name="Maelshyve's Fortress, Inner Sanctum">
    <description>Grand ironwood bookcases line each wall of the hallway, the sturdy constructs tottering under the burden of what must be thousands of tomes.  Panes of glass locked shut and sealed with a strange platinum rune prevent closer perusal of what knowledge may be held here.</description>
    <position x="640" y="20" z="0" />
    <arc exit="north" move="north" hidden="True" destination="120" />
    <arc exit="south" move="south" destination="117" />
  </node>
  <node id="117" name="Maelshyve's Fortress, Inner Sanctum">
    <description>The long hall of ironwood bookcases ends at the base of a grand obsidian staircase that leads up to a raised platform shrouded in darkness.</description>
    <position x="640" y="40" z="0" />
    <arc exit="north" move="north" destination="116" />
    <arc exit="climb" move="climb obsidian staircase" destination="118" />
  </node>
  <node id="118" name="Maelshyve's Fortress, Great Dais">
    <description>Hidden from the halls below, a great dais of obsidian rises like a silent specter that looms menacingly over all movements in the fortress.  Bordering the platform are totems of stacked skulls, each lit from within by a sickly flame, which dimly light the way towards a grand altar near its northern edge.</description>
    <position x="660" y="40" z="0" />
    <arc exit="north" move="north" destination="119" />
    <arc exit="climb" move="climb obsidian staircase" destination="117" />
  </node>
  <node id="119" name="Maelshyve's Fortress, Fallen Altar" note="Shrine2-05|Fallen Altar" color="#A6A3D9">
    <description>The stacked skull totems form a ring around the edge of the great dais, their feeble collective glow struggling to fight the shadows encroaching upon this corrupt shrine.  A large altar of black marble stands prominently near the northern edge of the dais, its broad flat surface reflecting the sickly glow with a lustrous sheen.  Behind the altar a black marble statue stands, framing the altar with its massive wingspan.</description>
    <position x="660" y="20" z="0" />
    <arc exit="south" move="south" destination="118" />
  </node>
  <node id="120" name="Maelshyve's Fortress, Glutton's Rest" note="Archrost" color="#00FF00">
    <description>A morbid shrine built of bones tied together with leathery straps of hide has been erected against the northern wall.  Prominently displayed impaled on a silver pike striking up from the center of the construct is a cracked kobold skull, the bones twisted into a violent scream of unnatural anguish.  A small silver plaque is affixed to the pike just below the terrible visage.</description>
    <position x="600" y="20" z="0" />
    <arc exit="southeast" move="southeast" destination="112" />
    <arc exit="southwest" move="southwest" destination="113" />
  </node>
  <node id="121" name="Maelshyve's Fortress, Hall of Malice">
    <description>Tapestries bearing the prominent image of a skyward-turned claw in blood red adorn the walls to either side, embroidered upon dark blue velvet.  Etched into the floor is a curiously placed circle of intricate runes.</description>
    <position x="600" y="120" z="0" />
    <arc exit="north" move="north" destination="109" />
  </node>
  <node id="122" name="Kweld Gelvdael, Dark Tunnel" note="Map31a_Zaulfung.xml|Cleric Passage">
    <description>The tunnel comes to an abrupt halt as the western floor rises slowly up into the ceiling.  A giant stone scorpion sculpture adorns the cul-de-sac, its stinger poised as if to strike out at anything that dares draw near it.  Shadows dance and flicker over its surface as a lit torch set in a bronze wall sconce shines brightly, lending to the unease of the scene of the readied creature.</description>
    <position x="290" y="190" z="0" />
    <arc exit="east" move="east" />
    <arc exit="go" move="go amorphous spirits" destination="50" />
  </node>
  <label text="Sinister Maelshyvean Hierophant">
    <position x="420" y="20" z="0" />
  </label>
  <label text="Maelshyvean Cinder Beast">
    <position x="270" y="130" z="0" />
  </label>
  <label text="Lesser Dusky-Scaled Basilisk">
    <position x="0" y="-10" z="0" />
  </label>
  <label text="Maelshyvean Shadow Beast">
    <position x="0" y="0" z="0" />
  </label>
  <label text="East will move">
    <position x="590" y="190" z="0" />
  </label>
  <label text="you into a">
    <position x="590" y="200" z="0" />
  </label>
  <label text="random room in">
    <position x="590" y="210" z="0" />
  </label>
  <label text="Basilisks &amp; Beasts">
    <position x="590" y="220" z="0" />
  </label>
</zone>
